Estimator,PostTitleWordsNumber,PostTitleCharsNumber,DiffNoWordsPostTitleAndKeywords,DiffNoCharsPostTitleAndKeywords,RatioNoWordsArticleDescriptionAndPostTitle,QuestionMarksNoPostTitle,RatioNoCharArticleParagraphPostTitle,RatioNoCharArticleDescriptionPostTitle,RatioNoCharArticleTitlePostTitle,RatioNoWordsArticleTitlePostTitle,RatioNoWordsPostImagePostTitle,DiffCharsPostTitlePostImage,RatioCharPostImagePostTitle,FormalWordsPostTitle,RatioNoCharArticleParagraphArticleDescription,Prop_Nouns,Advb_Determ,PerPos_Pronouns,Past3rdSing_Verbs,VaderS_Neg,VaderS_Neu,VaderS_Pos,Opinion_Pos,Opinion_Neg,WordLen_Avg,Start_Digit,Num_StopW,CBait_Phrase,Synt_DepMax,Synt_DepAvg
RandF,0.24249398908366493,0.6823884277585991,0.08718115676205922,0.12665977479058116,0.1118346525160371,0.11956699039298443,0.17432877476322678,0.11080179056641326,0.12828410230303347,0.11635113824043813,0.025442475586166934,0.40954595233595725,0.022652070146755212,0.11276058415584794,0.1020249437914336,1.0,0.3996011212200735,0.03623133823409631,0.054168684198642986,0.059667481987566204,0.077079231654987,0.05729915797788476,0.007760604175088137,0.009676159080193229,0.09205980360807842,0.05226676214114729,0.034442692642202344,0.003236283766330047,0.09010233752872766,0.0993447536486302
